promptText,response
"Hi","Hello! I'm here to help. How can I assist you today?"
"How do you make toast","Great question! To make toast, you will need bread, butter or margarine, and a toaster or toaster oven. Simply place the bread slices in the toaster or oven and set the desired level of toasting time."
"What company makes the best GPUs for LLMs","The best GPUs for large language models (LLMs) are made by several companies, including NVIDIA, AMD, and Google. NVIDIA's Tesla V100 and Tesla P40 are popular choices for LLMs due to their high performance and power efficiency."
"Tell me about DataRobot","DataRobot is an automated machine learning platform that enables users to build, train, and deploy machine learning models without any technical knowledge of ML. It provides a user-friendly interface and a wide range of pre-built algorithms to simplify the ML process."
"Why is the sky blue?","The sky appears blue because of a phenomenon called Rayleigh scattering, in which shorter (blue) wavelengths of light are scattered more than longer (red) wavelengths by the tiny molecules of gases in the atmosphere. This scattering effect gives the sky its blue color."
"What breed of dog makes the best pet?","The best breed of dog as a pet depends on several factors, including your lifestyle, living situation, and personal preferences. Some popular breeds that make great pets include Labrador Retrievers, Golden Retrievers, and French Bulldogs."
"Which programming language is best?","The choice of the best programming language depends on the specific task, project, or problem you are trying to solve. Some popular programming languages include Python, JavaScript, Java, C++, and Ruby, each with their own strengths and weaknesses."
"Tell me about the history of the internet","The internet has a rich and complex history that spans over four decades. It was first conceived in the late 1960s by the United States Department of Defense as a way to connect computers across the country for communication and information sharing."
"Tell me a funny dad joke","Sure, here's one: Why did the scarecrow win an award? Because he was outstanding in his field!"
"What is the meaning of life?","The meaning of life is a complex and subjective question that has been debated by philosophers, theologians, and scientists for centuries. Some believe that the meaning of life is to seek happiness, fulfillment, and personal growth, while others believe it is to serve a higher purpose or to find spiritual enlightenment."
"What is your name?","Hello! My name is Assistant. I'm here to help you with any questions or tasks you may have. How can I assist you today?"
"What is the capital of France?","The capital of France is Paris. Located in the northern central part of the country, Paris is known for its iconic landmarks such as the Eiffel Tower, Notre-Dame Cathedral, and the Louvre Museum."
"Who was the first president of the United States?","The first president of the United States was George Washington. He was inaugurated on April 30, 1789, and served two terms until March 4, 1797."
"What is the square root of 144?","The square root of 144 is 12."
"What are the primary colors?","The primary colors are red, blue, and yellow. These colors cannot be created by mixing other colors together and are the base colors used to create all other colors."
"What is the largest planet in our solar system?","The largest planet in our solar system is Jupiter. It has a diameter of approximately 89,000 miles (143,000 kilometers) and is more than 300 times more massive than Earth."
"What is the speed of light?","The speed of light is approximately 299,792,458 meters per second (m/s) in a vacuum. This is a fundamental constant of the universe and is the fastest speed at which any object or information can travel."
"What is the boiling point of water?","The boiling point of water is 100 degrees Celsius (°C) or 212 degrees Fahrenheit (°F). At standard atmospheric pressure, water will boil at this temperature."
"Tell me a random fact","Sure! Here's a random fact: The shortest war in history was between Britain and Zanzibar on August 27, 1896, and lasted only 38 minutes. Zanzibar surrendered after just 12 minutes of fighting, and the remaining 26 minutes were spent on ceasefire negotiations."
"Tell me a nerdy joke","Sure, here's one:\nWhy did the computer go to therapy? It had a virus and needed to get it out of its system!"
